{
    "avg_cancel_rate": 37.041628277075134,
    "country_cancellation_count": {
        "PRT": 40.69855096741771,
        "GBR": 10.159142306725856,
        "FRA": 8.723511181841024,
        "ESP": 7.176480442248094,
        "DEU": 6.10352625848061,
        "ITA": 3.154368037524081,
        "IRL": 2.826869922104029,
        "BEL": 1.9616383281681884,
        "BRA": 1.8628025797805512,
        "NLD": 1.7622916492168523,
        "USA": 1.7564285116006366,
        "CHE": 1.4490325822933243,
        "CN": 1.071279001591423,
        "AUT": 1.05787754418293,
        "SWE": 0.857693274143563,
        "CHN": 0.8367534969427924,
        "POL": 0.7697462099003267,
        "ISR": 0.5603484378926208,
        "RUS": 0.5293575676354804,
        "NOR": 0.5084177904347098,
        "ROU": 0.41879554401541164,
        "Unknown": 0.40874445095904177,
        "FIN": 0.374403216349778,
        "DNK": 0.36435212329340816,
        "AUS": 0.35681380350113073,
        "AGO": 0.30320797386715803,
        "LUX": 0.24038864226484633,
        "MAR": 0.21693609179998324,
        "TUR": 0.20772258983164418,
        "HUN": 0.19264595024708936,
        "ARG": 0.1792444928385962,
        "JPN": 0.1650054443420722,
        "CZE": 0.1432280760532708,
        "IND": 0.12731384538068516,
        "KOR": 0.1113996147080995,
        "GRC": 0.10721165926794538,
        "DZA": 0.0862718820671748,
        "SRB": 0.08459669989111317,
        "HRV": 0.08375910880308234,
        "MEX": 0.07119524248261999,
        "IRN": 0.06952006030655833,
        "EST": 0.06952006030655833,
        "LTU": 0.0678448781304967,
        "ZAF": 0.06700728704246586,
        "BGR": 0.06281933160231175,
        "NZL": 0.06198174051428093,
        "COL": 0.05946896725018846,
        "UKR": 0.05695619398609599,
        "MOZ": 0.05611860289806516,
        "CHL": 0.05444342072200352,
        "SVK": 0.05444342072200352,
        "THA": 0.04941787419381857,
        "SVN": 0.04774269201775693,
        "ISL": 0.04774269201775693,
        "LVA": 0.04606750984169528,
        "CYP": 0.04271714548957199,
        "TWN": 0.04271714548957199,
        "ARE": 0.04271714548957199,
        "SAU": 0.04020437222547952,
        "PHL": 0.03350364352123293,
        "SGP": 0.03266605243320211,
        "TUN": 0.03266605243320211,
        "IDN": 0.029315688081078817,
        "NGA": 0.028478096993047996,
        "URY": 0.026802914816986344,
        "EGY": 0.026802914816986344,
        "LBN": 0.025965323728955523,
        "HKG": 0.024290141552893878,
        "PER": 0.024290141552893878,
        "MYS": 0.023452550464863053,
        "ECU": 0.02261495937683223,
        "VEN": 0.021777368288801408,
        "BLR": 0.021777368288801408,
        "CPV": 0.02010218611273976,
        "GEO": 0.01842700393667811,
        "JOR": 0.01758941284864729,
        "CRI": 0.015914230672585645,
        "KAZ": 0.015914230672585645,
        "MLT": 0.015076639584554819,
        "OMN": 0.015076639584554819,
        "GIB": 0.015076639584554819,
        "AZE": 0.014239048496523998,
        "MAC": 0.013401457408493172,
        "KWT": 0.013401457408493172,
        "QAT": 0.012563866320462351,
        "DOM": 0.011726275232431527,
        "IRQ": 0.011726275232431527,
        "PAK": 0.011726275232431527,
        "BIH": 0.010888684144400704,
        "ALB": 0.01005109305636988,
        "MDV": 0.01005109305636988,
        "BGD": 0.01005109305636988,
        "PRI": 0.01005109305636988,
        "SEN": 0.009213501968339055,
        "BOL": 0.008375910880308233,
        "CMR": 0.008375910880308233,
        "MKD": 0.008375910880308233,
        "PAN": 0.007538319792277409,
        "TJK": 0.007538319792277409,
        "GNB": 0.007538319792277409,
        "ARM": 0.006700728704246586,
        "JEY": 0.006700728704246586,
        "VNM": 0.006700728704246586,
        "LBY": 0.006700728704246586,
        "CUB": 0.006700728704246586,
        "AND": 0.005863137616215763,
        "LKA": 0.005863137616215763,
        "MUS": 0.005863137616215763,
        "CIV": 0.00502554652818494,
        "JAM": 0.00502554652818494,
        "KEN": 0.00502554652818494,
        "SUR": 0.004187955440154116,
        "BHR": 0.004187955440154116,
        "TZA": 0.004187955440154116,
        "MNE": 0.004187955440154116,
        "FRO": 0.004187955440154116,
        "CAF": 0.004187955440154116,
        "GHA": 0.003350364352123293,
        "UZB": 0.003350364352123293,
        "ZWE": 0.003350364352123293,
        "PRY": 0.003350364352123293,
        "BRB": 0.003350364352123293,
        "GTM": 0.003350364352123293,
        "MCO": 0.003350364352123293,
        "GAB": 0.003350364352123293,
        "TMP": 0.00251277326409247,
        "BEN": 0.00251277326409247,
        "ETH": 0.00251277326409247,
        "GGY": 0.00251277326409247,
        "SYR": 0.00251277326409247,
        "LIE": 0.00251277326409247,
        "LAO": 0.0016751821760616465,
        "SLV": 0.0016751821760616465,
        "ATA": 0.0016751821760616465,
        "SYC": 0.0016751821760616465,
        "COM": 0.0016751821760616465,
        "ZMB": 0.0016751821760616465,
        "UGA": 0.0016751821760616465,
        "KNA": 0.0016751821760616465,
        "TGO": 0.0016751821760616465,
        "MYT": 0.0016751821760616465,
        "RWA": 0.0016751821760616465,
        "MWI": 0.0016751821760616465,
        "STP": 0.0016751821760616465,
        "KHM": 0.0016751821760616465,
        "IMN": 0.0016751821760616465,
        "GLP": 0.0016751821760616465,
        "ABW": 0.0016751821760616465,
        "BWA": 0.0008375910880308232,
        "SMR": 0.0008375910880308232,
        "CYM": 0.0008375910880308232,
        "PLW": 0.0008375910880308232,
        "FJI": 0.0008375910880308232,
        "BDI": 0.0008375910880308232,
        "VGB": 0.0008375910880308232,
        "NIC": 0.0008375910880308232,
        "HND": 0.0008375910880308232,
        "DJI": 0.0008375910880308232,
        "BHS": 0.0008375910880308232,
        "NPL": 0.0008375910880308232,
        "MDG": 0.0008375910880308232,
        "UMI": 0.0008375910880308232,
        "MLI": 0.0008375910880308232,
        "BFA": 0.0008375910880308232,
        "NAM": 0.0008375910880308232,
        "MMR": 0.0008375910880308232,
        "PYF": 0.0008375910880308232,
        "DMA": 0.0008375910880308232,
        "LCA": 0.0008375910880308232,
        "AIA": 0.0008375910880308232,
        "GUY": 0.0008375910880308232,
        "ASM": 0.0008375910880308232,
        "NCL": 0.0008375910880308232,
        "MRT": 0.0008375910880308232,
        "KIR": 0.0008375910880308232,
        "SDN": 0.0008375910880308232,
        "ATF": 0.0008375910880308232,
        "SLE": 0.0008375910880308232
    },
    "total_bookings_text": "Total Bookings: 119390\nNon-Canceled Bookings: 75166",
    "cancellation_rate_text": "Overall Cancellation Rate: 37.04%",
    "monthly_revenue_text": "Monthly revenues:\n2015-07: 758339.79\n2015-08: 1137652.71\n2015-09: 1054620.67\n2015-10: 784714.88\n2015-11: 346709.49\n2015-12: 429521.57\n2016-01: 264521.38\n2016-02: 484170.72\n2016-03: 767337.42\n2016-04: 896591.38\n2016-05: 1073277.63\n2016-06: 1144800.38\n2016-07: 1525019.05\n2016-08: 1809324.75\n2016-09: 1289642.69\n2016-10: 1072101.84\n2016-11: 688843.47\n2016-12: 657870.72\n2017-01: 512155.46\n2017-02: 663370.76\n2017-03: 884761.17\n2017-04: 1203266.10\n2017-05: 1321936.01\n2017-06: 1438490.54\n2017-07: 1817038.23\n2017-08: 1970181.60",
    "country_distribution_text": "Top 10 Countries by Booking Percentage:\nPRT: 40.70%\nGBR: 10.16%\nFRA: 8.72%\nESP: 7.18%\nDEU: 6.10%\nITA: 3.15%\nIRL: 2.83%\nBEL: 1.96%\nBRA: 1.86%\nNLD: 1.76%",
    "lead_time_dist_text": "Lead Time Distribution:\ncount: 119390.0\nmean: 104.01141636652986\nstd: 106.86309704798794\nmin: 0.0\n25%: 18.0\n50%: 69.0\n75%: 160.0\nmax: 737.0",